{"tuning_times": {"diag": [5.322970867156982], "full": [4.932805776596069], "diag_expanding": [5.084218263626099], "full_expanding": [6.04446816444397]}, "effective_samples_per_second": {"diag": [[315.9696732209982, 74.23574483649351, 74.23574483649351, 327.65369525263367, 333.9564740715957, 447.8917040794975, 589.5860372112342, 595.6977336771718, 582.253166237181, 458.1506858108343, 695.8176851579224, 570.3397382405693, 540.18180345881, 545.876705879716, 560.887165145139, 586.6133513485887, 512.4699678179919, 558.7338143290541, 530.6773955959419, 293.9282126313784, 364.7729670010187]], "full": [[448.1341818752152, 105.53374364612901, 105.53374364612901, 289.4145083358007, 359.44741108140323, 476.840374370928, 564.0282849390418, 727.7563976097281, 423.43477988503804, 620.042102269171, 594.7743773644582, 619.4962672872008, 643.8126210261497, 646.149203352505, 803.5767357698953, 556.729304638954, 657.277488575442, 462.2148841386443, 502.00303129722124, 438.33438416334207, 369.92483543926005]], "diag_expanding": [[215.62048583494857, 43.07424293556826, 43.07424293556826, 124.79142702743174, 153.03054336906126, 190.94388348826118, 286.6956717552066, 306.2197321686064, 325.4761574477833, 569.0932632881454, 415.5446260375953, 528.8044351669867, 458.7560370426056, 536.2018323799537, 403.8434194946827, 557.9497704508428, 454.33102426147303, 460.9952649724335, 429.46948054787094, 296.98204493414033, 269.97725861057444]], "full_expanding": [[366.3117567541776, 29.93687316213594, 29.93687316213594, 201.99083342016922, 232.4804062028931, 285.9818536895995, 297.1472402720873, 424.98742045209775, 466.65738146392073, 507.7394471160127, 506.6385389283351, 563.03276502688, 549.9174127682131, 469.32747239644414, 437.53189092210283, 440.15523696551224, 366.53503604301886, 532.7600970565727, 492.44319683691253, 191.94893439542307, 169.55863196350313]]}}