{"tuning_times": {"diag": [2.915599822998047], "full": [2.910611867904663], "diag_expanding": [3.0494539737701416], "full_expanding": [3.2146689891815186]}, "effective_samples_per_second": {"diag": [[593.9633465978422, 695.5044505630963, 683.9582213268061, 770.14873318722, 1046.2344746760016, 767.7987449068502, 871.0845039246428, 639.0231849586918, 1076.9016734900572, 449.6370248834175, 649.9491402968355, 748.2231809644231, 690.961725907856, 947.1674352446962, 754.2780753152663, 702.532417708041, 868.6158486561764, 756.6899153216879]], "full": [[917.2682790536836, 794.5257101440009, 848.2179440336934, 963.2899211123012, 940.9296648704167, 779.2990133494723, 816.2990938546183, 857.517004735207, 879.7591634181341, 599.7310154617072, 819.1920385801045, 1018.5922894733618, 784.9101669823868, 897.5469865916198, 850.5635611440331, 683.4671652700029, 845.3653575682143, 837.4231715337673]], "diag_expanding": [[614.1426294967056, 600.0645212118231, 734.6672177168292, 666.2721599032099, 736.7567972600565, 681.7325327695452, 623.8859648246785, 655.5611645761632, 681.5425319375788, 410.10311380253125, 471.98240506964214, 677.3168472931845, 632.9022923316088, 748.5972474739356, 656.1555958850929, 754.0411918900537, 597.6334121711753, 592.8729502439114]], "full_expanding": [[671.0093084661197, 681.547326788242, 730.2836284877428, 673.0192186363189, 518.7648284981987, 640.1948499985403, 634.1877723994484, 610.9863920162741, 570.1119859560731, 452.46621576324384, 504.83421184579316, 702.8474726809454, 526.8672534061553, 600.9095447260979, 654.061653464193, 700.1450675675206, 736.0318497738575, 520.7525955837931]]}}