{"tuning_times": {"diag": [18.469536066055298], "full": [14.243434190750122], "diag_expanding": [16.253643035888672], "full_expanding": [14.871326923370361]}, "effective_samples_per_second": {"diag": [[61.92943104398152, 61.396809510056755, 72.7568879128957]], "full": [[101.17915264076599, 80.02918080215251, 137.68287203865364]], "diag_expanding": [[48.96712725749882, 45.38531713494901, 85.31793843443404]], "full_expanding": [[90.18278408913862, 86.0595541459433, 129.72450969201734]]}}