{"tuning_times": {"diag": [340.1031141281128], "full": [364.0710759162903], "diag_expanding": [360.90686798095703], "full_expanding": [142.1968126296997]}, "effective_samples_per_second": {"diag": [[0.3507740549555045, 0.9177213815165502, 0.3505801017293029, 1.006197911857914, 1.1809330454776445, 0.35066701646177334, 2.0997719628419214, 1.3745308367763251, 1.678281864361567, 1.5079940484328256, 1.3614809345479748, 1.3643255327084851, 0.9490012091465139, 2.008062105906253, 0.9264924060630624, 1.1565985247629698, 1.3347074456777082, 1.3354400710582992, 2.900747975504804, 1.7098386392464724, 1.7434192878195678, 1.207205446438161, 1.9420716135830776, 1.4356153576701551, 1.7206868674713829, 1.381610853234547, 1.4396863420396748, 1.4934031607070712, 1.6761179382178344, 1.5564511142654007, 1.8436759606195108, 1.4664729404446908, 0.7992340964259843, 1.540814316940576, 1.7693999784876715, 1.3975506464953513, 1.5979857375742585, 1.5480557691175234, 1.5223012166515486, 1.264085032734492, 2.3259292711770665, 2.2096424226543006, 2.1784425051003216, 1.4869583946089382, 1.7606281106590078, 1.2677776596779398, 1.6191820984455394, 1.4102693196318152, 1.4641214587970692, 1.7019290956485975, 2.415867182796309, 2.027355625273343, 0.5660289876148451, 1.9924408831194051, 1.84924831591094, 1.5479013368194272, 1.4537619113996223, 2.1623877617873, 1.7174210855321272, 1.1122953727153293, 1.6211627232320485, 1.7860571717787812, 1.6179164890426223, 1.9460690505870117, 2.0199912528500845, 1.659354356626408, 1.8285725408839018, 1.328342490661348, 1.811875425649096, 1.353047944144742, 0.8131376917146277, 1.9313831025170043, 2.1045715201554063, 1.4305604540647097, 3.046290237713173, 1.1121571611929508, 1.4876131342522232, 0.904200348614974, 1.825003970197206, 1.9951604148459192, 1.732212450227438, 1.8184354953087543, 1.7033724060195188, 1.6322798720860097, 1.4493321268432628, 1.129256745347219, 1.7410235620781442, 1.5233868910398323, 1.33229539465913, 1.366413255583785, 0.9468815866502609, 1.574583808707234, 2.123304869677518, 1.7622374029482961, 0.9996909377480171, 1.2687752493721633, 1.3587922074703784, 2.214062942710012, 1.448292901084803, 1.3425998567305026]], "full": [[0.006080634557132295, 0.006080634557132295, 0.006080634557132295, 0.006080634557132295, 0.006080634557132295, 0.006080634557132295, 0.006080634557132295, 0.006080634557132295, 0.006080634557132295, 0.006080634557132295, 0.006080634557132295, 0.006080634557132295, 0.006080634557132295, 0.006080634557132295, 0.006080634557132295, 0.006080634557132295, 0.006080634557132295, 0.006080634557132295, 0.006080634557132295, 0.006080634557132295, 0.006080634557132295, 0.006080634557132295, 0.006080634557132295, 0.006080634557132295, 0.006080634557132295, 0.006080634557132295, 0.006080634557132295, 0.006080634557132295, 0.006080634557132295, 0.006080634557132295, 0.006080634557132295, 0.006080634557132295, 0.006080634557132295, 0.006080634557132295, 0.006080634557132295, 0.006080634557132295, 0.006080634557132295, 0.006080634557132295, 0.006080634557132295, 0.006080634557132295, 0.006080634557132295, 0.006080634557132295, 0.006080634557132295, 0.006080634557132295, 0.006080634557132295, 0.006080634557132295, 0.006080634557132295, 0.006080634557132295, 0.006080634557132295, 0.006080634557132295, 0.006080634557132295, 0.006080634557132295, 0.006080634557132295, 0.006080634557132295, 0.006080634557132295, 0.006080634557132295, 0.006080634557132295, 0.006080634557132295, 0.006080634557132295, 0.006080634557132295, 0.006080634557132295, 0.006080634557132295, 0.006080634557132295, 0.006080634557132295, 0.006080634557132295, 0.006080634557132295, 0.006080634557132295, 0.006080634557132295, 0.006080634557132295, 0.006080634557132295, 0.006080634557132295, 0.006080634557132295, 0.006080634557132295, 0.006080634557132295, 0.006080634557132295, 0.006080634557132295, 0.006080634557132295, 0.006080634557132295, 0.006080634557132295, 0.006080634557132295, 0.006080634557132295, 0.006080634557132295, 0.006080634557132295, 0.006080634557132295, 0.006080634557132295, 0.006080634557132295, 0.006080634557132295, 0.006080634557132295, 0.006080634557132295, 0.006080634557132295, 0.006080634557132295, 0.006080634557132295, 0.006080634557132295, 0.006080634557132295, 0.006080634557132295, 0.006080634557132295, 0.006080634557132295, 0.006080634557132295, 0.006080634557132295, 0.006080634557132295]], "diag_expanding": [[0.3388373028055779, 0.866616120006038, 0.33930954351792686, 0.9585918490018099, 1.0986316621059617, 0.3391408856653572, 2.03401187007939, 1.3505527803508786, 1.5818449841706497, 1.481404335295686, 1.4019909488623539, 1.4934811771342027, 0.9048199481825441, 1.9100846153051936, 0.9654094244601988, 1.1519321691115303, 1.2821510072606173, 1.22972647296016, 2.7522755810869928, 1.7333713907749135, 1.660865674208576, 1.1601634631491582, 1.8788508959380936, 1.4209811030134738, 1.5553470855687759, 1.6272935809435143, 1.372488572003295, 1.4235373855794138, 1.662058742338829, 1.6558800547313255, 1.7064694873400894, 1.3404550575996697, 0.7232003825859482, 1.4502895914618819, 1.781391914156562, 1.4946351642577385, 1.627879475200819, 1.459992740261933, 1.5031991066047719, 1.3313369499846763, 2.194495436124518, 2.032403900771794, 2.0333355920034077, 1.3984255567161477, 1.856208351768653, 1.3808447731626043, 1.84932176874525, 1.2695014072654343, 1.431651903135251, 1.6646558148240826, 2.3394375801618486, 2.2893013034493346, 0.6983280820984762, 1.8576877031104422, 2.009298458188181, 1.666769443157996, 1.304239012655515, 2.010834260115098, 1.576259640901352, 1.2923191553522853, 1.5090978319292399, 1.4737038493050187, 1.5238899018408703, 1.8986150254283154, 1.924903146803109, 2.0251082164930994, 1.827842874640591, 1.2572339132100228, 1.8725985315847868, 1.2020193446706477, 0.9049190092640009, 1.9488479091909003, 1.8886119708693787, 1.5308970542080136, 2.517204014852764, 1.0847097398346677, 1.4966597215349495, 0.9003253638754357, 1.786398019865891, 2.0518978443602056, 1.6120069503325538, 1.7061432145385138, 1.6307380687375885, 1.6203749432357089, 1.3955939078998616, 1.1828001348770751, 1.590959354196965, 1.4194685529529496, 1.4082333250262693, 1.2145956409390823, 0.8577742637380302, 1.4984324206222257, 1.9584945817690786, 1.5918738491811273, 0.9402694785659065, 1.2161271899204391, 1.2727199007950019, 1.951778023520551, 1.416397455562329, 1.2446135561674734]],