{"tuning_times": {"covadapt": [89.92149591445923]}, "effective_samples_per_second": {"covadapt": [[710.5683614255624, 656.1072250799333, 710.1222236742309, 683.2680791330987, 525.3150009292981, 709.4096022631488, 675.6185941622451, 658.7937517570376, 568.035753417115, 827.760454754175, 845.5334457110342, 656.4140779711381, 732.1979318978644, 862.7532559855425, 862.7532559855425, 739.459540987706, 862.7532559855425, 684.7107880871429, 814.7109585337603, 789.7546649185238, 702.0333120714536, 567.1193614910474, 743.8185340180047, 594.9220557845872, 649.2211732166763, 519.4785506910545, 675.4912788331467, 592.9988377973149, 585.1099530640448, 757.3580586559699, 665.2914556667021, 829.946812412086, 862.7532559855425, 688.095610626615, 566.3725094122074, 725.811374357683, 500.5245016062675, 862.7532559855425, 780.5620336504554, 798.186558968154, 572.6187851236106, 527.9825372187628, 862.7532559855425, 593.9177618586288, 862.7532559855425, 812.7217957550067, 652.7078197566132, 860.8874308745299, 632.2873484587308, 746.6421707502648, 862.7532559855425, 862.7532559855425, 762.539988324683, 604.7869193684812, 632.4299369356268, 613.5586384665914, 682.8371692200709, 648.5450856379828, 862.7532559855425, 632.2552579849194, 800.7239488988357, 862.7532559855425, 694.4608206003247, 438.5677995219825, 760.0631729340442, 862.7532559855425, 640.2268331980551, 678.5602004558896, 579.4290893852851, 698.5459038044261, 692.2893894796254, 620.9458319149079, 729.8420866253527, 645.7579130470197, 619.621105482718, 652.0208363141246, 656.782982215373, 673.7690565792932, 862.7532559855425, 753.5111641532521, 644.5181131003371, 515.9807532265016, 550.0526464986567, 600.4659504886392, 545.2547168462946, 588.5320787306255, 574.3148057584496, 537.726764556682, 657.422161938066, 848.9184817802046, 493.0233643884352, 862.7532559855425, 862.7532559855425, 862.7532559855425, 606.3433575481962, 527.1026747689076, 455.49319872800106, 803.653365388047, 862.7532559855425, 529.1709054334071]]}}