{"tuning_times": {"covadapt": [386.1291720867157]}, "effective_samples_per_second": {"covadapt": [[0.03510282861928926, 0.033132614187848256, 0.006626473159313442, 0.006279059390654107, 0.026561406456365285, 0.0062939806686049295, 0.009625138150341188, 0.0062872314752380875, 0.006162291804658182, 0.008767370338227594, 0.010318451894814977, 0.025590514353897913, 0.009318664282298666, 0.008218477455966152, 0.007668586417362922, 0.007772568376576103, 0.0062112284457097955, 0.047189960395512334, 0.03546849832267784, 0.006978896584068286, 0.017016097631606705, 0.010351823331602858, 0.016472004248942212, 0.00635407238789988, 0.031467683972427, 0.006646247643650734, 0.016046526701782086, 0.018608720928136008, 0.00708592655006958, 0.010208922136926823, 0.006236058618726683, 0.014174964627750532, 0.008348099638238144, 0.0071586839766221615, 0.030024869475845487, 0.02535500205331372, 0.026086980864445525, 0.0068073731705821, 0.006496442749977466, 0.02859796868465982, 0.026176499134783898, 0.009112131040964902, 0.010206042889558542, 0.006420776148543903, 0.008732228848941377, 0.036654418683328575, 0.007782354012586124, 0.05748540093691101, 0.007755571228510889, 0.01170970387848708, 0.01490536683298429, 0.012983455024287292, 0.007242856058385233, 0.006177045443501542, 0.018451799115902848, 0.0064306111181557, 0.00800975546117865, 0.036552974584731564, 0.026938576399191526, 0.008421335172785547, 0.007180993733349215, 0.0072495990075813884, 0.04609984602369303, 0.006232896521066391, 0.02862559474323493, 0.02379057001448946, 0.024289129070796917, 0.006404696702932867, 0.017539607651520007, 0.006821720916436981, 0.028392566436329775, 0.008292039752412125, 0.00726544275615026, 0.008635550177788371, 0.025764234566491365, 0.008134351704321178, 0.010018380089651304, 0.03101523606636662, 0.0063486603616668275, 0.01814974267462674, 0.027771724350982265, 0.06189254617666944, 0.006380127551638408, 0.006164318869026232, 0.010299182262199606, 0.00640119525404996, 0.011447347354109743, 0.007615189822354947, 0.04062147439333173, 0.006703081325916241, 0.05437659134165521, 0.006680083804606413, 0.006655666266317263, 0.007186345019794728, 0.06142672522067452, 0.007143036020311493, 0.018771045838520184, 0.05676619102440217, 0.006233464851939306, 0.026591072817989687]]}}