{"tuning_times": {"diag": [365.33904004096985], "full": [8.29083514213562], "diag_expanding": [358.5045220851898], "full_expanding": [8.46108603477478]}, "effective_samples_per_second": {"diag": [[0.05142855440965128, 0.025988751047945253, 0.047813387756469525, 0.09416073708273605, 0.006562878414541695, 0.006581943686554446, 0.0406962537484377, 0.03408867825703603, 0.00680700298982299, 0.13677924338918826, 0.04985906465493255, 0.007195194223473006, 0.04273558399491211, 0.019910638551808236, 0.008491709264155146, 0.00679461562206003, 0.025968532545597507, 0.006562860842684609, 0.015725789847763436, 0.02269291953262705, 0.011852939861475427, 0.010238255035269908, 0.028996162902222455, 0.034587762358588924, 0.012476303228882234, 0.006809332029933084, 0.017485083185532546, 0.022962016879877385, 0.050557952514680586, 0.026950020047531022, 0.007885435226372514, 0.006651278580257494, 0.06366333990379544, 0.05489988722661385, 0.06168023110337645, 0.03727091070446831, 0.009615519325473042, 0.006632109199597829, 0.006782877976070341, 0.0072174002261359916, 0.00880483872245818, 0.0299946966246819, 0.031837610103552745, 0.006673361950773497, 0.007151562217805807, 0.007353632143590748, 0.032701580247228634, 0.026251013872701682, 0.01798772576974772, 0.051904739259072276, 0.00939722266701238, 0.01854519316568951, 0.0205627403697024, 0.017215593315989708, 0.03028366055842053, 0.018335633016971397, 0.01615976148722003, 0.010513199204714774, 0.006587142161998409, 0.007416127885539588, 0.006629841982211618, 0.00784725868651394, 0.017273262314961096, 0.006562550008890054, 0.006826507952303802, 0.006820707513774303, 0.03175555213950258, 0.0073437550348776325, 0.022293288985385795, 0.007358988366181065, 0.011779402591441198, 0.06589037538713062, 0.016212994223164585, 0.006652295706306798, 0.026390227719652895, 0.027364874123737695, 0.008132587854831362, 0.007215611602962799, 0.033196843861333425, 0.007877635433375937, 0.025832726804957913, 0.006922199000357308, 0.01568270351016099, 0.03934534275633849, 0.015004005160955429, 0.015068095533112348, 0.03666509410498783, 0.010981597116993144, 0.008056978566439632, 0.015172340429415983, 0.008843834886149081, 0.023074738252775416, 0.024723582437567126, 0.006905322391556378, 0.011914671656158633, 0.007131210998110698, 0.008744194074487887, 0.03839411817060294, 0.06539894847874866, 0.04433659570219013]], "full": [[1.732975584910359, 1.732975584910359, 1.732975584910359, 1.732975584910359, 1.732975584910359, 1.732975584910359, 1.732975584910359, 1.732975584910359, 1.732975584910359, 1.732975584910359, 1.732975584910359, 1.732975584910359, 1.732975584910359, 1.732975584910359, 1.732975584910359, 1.732975584910359, 1.732975584910359, 1.732975584910359, 1.732975584910359, 1.732975584910359, 1.732975584910359, 1.732975584910359, 1.732975584910359, 1.732975584910359, 1.732975584910359, 1.732975584910359, 1.732975584910359, 1.732975584910359, 1.732975584910359, 1.732975584910359, 1.732975584910359, 1.732975584910359, 1.732975584910359, 1.732975584910359, 1.732975584910359, 1.732975584910359, 1.732975584910359, 1.732975584910359, 1.732975584910359, 1.732975584910359, 1.732975584910359, 1.732975584910359, 1.732975584910359, 1.732975584910359, 1.732975584910359, 1.732975584910359, 1.732975584910359, 1.732975584910359, 1.732975584910359, 1.732975584910359, 1.732975584910359, 1.732975584910359, 1.732975584910359, 1.732975584910359, 1.732975584910359, 1.732975584910359, 1.732975584910359, 1.732975584910359, 1.732975584910359, 1.732975584910359, 1.732975584910359, 1.732975584910359, 1.732975584910359, 1.732975584910359, 1.732975584910359, 1.732975584910359, 1.732975584910359, 1.732975584910359, 1.732975584910359, 1.732975584910359, 1.732975584910359, 1.732975584910359, 1.732975584910359, 1.732975584910359, 1.732975584910359, 1.732975584910359, 1.732975584910359, 1.732975584910359, 1.732975584910359, 1.732975584910359, 1.732975584910359, 1.732975584910359, 1.732975584910359, 1.732975584910359, 1.732975584910359, 1.732975584910359, 1.732975584910359, 1.732975584910359, 1.732975584910359, 1.732975584910359, 1.732975584910359, 1.732975584910359, 1.732975584910359, 1.732975584910359, 1.732975584910359, 1.732975584910359, 1.732975584910359, 1.732975584910359, 1.732975584910359, 1.732975584910359]], "diag_expanding": [[0.015165749829682868, 0.016640004194332987, 0.053487365155999486, 0.0933107141546629, 0.00658410925510028, 0.006619831241829131, 0.043484913995880496, 0.034395034880176145, 0.0068020404042974, 0.1469781774046978, 0.03695678732114265, 0.007220030475450323, 0.047964472635074515, 0.019601364456917358, 0.008317664362183043, 0.00680782101832475, 0.02629760908724313, 0.006582036487929017, 0.015565967195516988, 0.011553607732747046, 0.01189519306128223, 0.010991936972586179, 0.028819426164642017, 0.03470733581023326, 0.012531230494599671, 0.006829778072540161, 0.017522436074137927, 0.02297699135534112, 0.05079304190307739, 0.027000443226820787, 0.007937890953882297, 0.006671394023527328, 0.06387235836171914, 0.05494832866876454, 0.06158052084018717, 0.035524170581705844, 0.00966916074201303, 0.006654096626260534, 0.006799517789231795, 0.007239508885181942, 0.008861181557646763, 0.029886583632196796, 0.03194114984540147, 0.006692605086377538, 0.007165061604020737, 0.007360643367402431, 0.032895748524770146, 0.02636931902459969, 0.017939166959908943, 0.05232560130154864, 0.009409278979519126, 0.019298079073407956, 0.020568497270514435, 0.017792600467211015, 0.030381251762215365, 0.018188545953543387, 0.01622711728718997, 0.010542679898853952, 0.0066071471285676, 0.007436735140817898, 0.006649419518519547, 0.007850601209996581, 0.017187736637277882, 0.00658288277387679, 0.006844575532267898, 0.006841286580744396, 0.0325691644295366, 0.007365281805740559, 0.022367581568556616, 0.007380808828918765, 0.011832511818437405, 0.06841934610164306, 0.01624288628333361, 0.006672842792114248, 0.02653737220636987, 0.02743212384349, 0.008166423531742479, 0.007236293029826502, 0.0331530673038454, 0.007884611833488058, 0.025654313514570776, 0.006932883642657147, 0.015651683970695086, 0.03886405505203835, 0.014990604144764311, 0.015104284980396418, 0.037906526900138064, 0.010962360291680127, 0.008096298066238414, 0.015161476233279163, 0.008837401297097197, 0.023854906522382667, 0.023894905088681674, 0.0069298390693772385, 0.011913481667150788, 0.007148516290562605, 0.008789022979310154, 0.03792896763128836, 0.06511200003170321, 0.044376654554895]],